{"cameraMode":{"drawMode":0,"name":"Shaded","section":"Shading Mode"},"sceneLighting":true,"audioPlay":false,"sceneViewState":{"m_AlwaysRefresh":false,"showFog":true,"showSkybox":true,"showFlares":true,"showImageEffects":true,"showParticleSystems":true,"showVisualEffectGraphs":true,"m_FxEnabled":true},"in2DMode":false,"pivot":{"x":-13.400641441345215,"y":6.826152324676514,"z":-26.287113189697267},"rotation":{"x":0.05115664750337601,"y":-0.07421650737524033,"z":0.0037094028666615488,"w":0.9959772825241089},"size":3.430048942565918,"orthographic":false}